<?xml version="1.0" encoding="iso-8859-1"?>
<mosinstall type="module" version="4.5.1">
	<name>Schleife</name>
	<author>Mario Boro</author>
	<creationDate>12/2006</creationDate>
	<copyright>(c) 2006-2007 Werbeagentur moremedia</copyright>
	<license>http://www.mormedia.at/agb.pdf</license>
	<authorEmail>boro@moremedia.at</authorEmail>
	<authorUrl>www.moremedia.at</authorUrl>
	<version>1.0</version>
	<description>Schleife, aus der Weihnachts Modul Kollektion</description>
	<files>
			<filename module="mod_schleife">mod_schleife.php</filename>
			<filename module="mod_schleife">mod_schleife_js.php</filename>
			<filename module="mod_schleife">mod_schleife.gif</filename>
	</files>
</mosinstall>
